{
  "policy": {
    "PASS_STRICT": 1e-12,
    "PASS_GUERRILLA": 1e-09,
    "WARN": 1e-07
  },
  "env": {
    "python": "3.13.5",
    "platform": "Windows-11-10.0.26200-SP0",
    "cwd": "C:\\Users\\USUARIO\\.gemini\\antigravity\\playground\\calculo-2"
  },
  "experiment_cmd": "python OUROBOROS_BSD_37A1_EXPERIMENT.py",
  "experiment_script_hash": null,
  "runs": [
    {
      "config": {
        "dps": 80,
        "terms": 5000,
        "extra_args": [
          "--tol",
          "1e-18"
        ]
      },
      "time_s": 3.1055853366851807,
      "rel_err": 1.6796811307941666e-09,
      "abs_err": 5.139820452730143e-10,
      "status": "WARN",
      "meaning": "Subcalibrado: suele requerir más dps/terms o suma más estable.",
      "Q_geo": 0.3059997733200703,
      "Lprime1": 0.3059997738340523,
      "Omega_total": 5.986917292463919,
      "Regulator_R": 0.05111140815411797,
      "cost": 7.763963341712952,
      "stdout_trunc": "=== OUROBOROS EXPERIMENT: ELLIPTIC BRIDGE (37a1) ===\n[cfg] dps=80  terms=5000  height_iters=10\n\n[GEOM] Computing Omega^+ ...\n[GEOM] Computing regulator R = hhat(P) ...\nOmega^+        = 2.993458646231959629832009979452508177797542220267516489517568328128142890163496\nOmega_total    = 5.9869172924639192596640199589050163555950844405350329790351366562562857803269921\nRegulator R    = 0.051111408154117972391095037210106966085731983184814453125\nQ_geo (target) = 0.30599977332007025654746942778090703418056943114584393942918983519678417309127664\n\n[AN] Generating a_n (Hecke) ...\n[AN] Summing smoothed series for L'(1) ...\nL'(1)          = 0.30599977383405230182048368332167647445263777459077199853454183248101605046929017\n\n=== BRIDGE CHECK ===\nabs_err = 0.00000000051398204527301425554076944027206834344492805910535199728423187737801353006821127\nrel_err = 0.0000000016796811307941665861612812052723704625088443605216388221798717451523858286336977\nveredict = MISSION FAILED [ERR]  (tol=1e-18)\n\n\n",
      "returncode": 0
    },
    {
      "config": {
        "dps": 80,
        "terms": 10000,
        "extra_args": [
          "--tol",
          "1e-18"
        ]
      },
      "time_s": 9.140039205551147,
      "rel_err": 1.6796811307941666e-09,
      "abs_err": 5.139820452730143e-10,
      "status": "WARN",
      "meaning": "Subcalibrado: suele requerir más dps/terms o suma más estable.",
      "Q_geo": 0.3059997733200703,
      "Lprime1": 0.3059997738340523,
      "Omega_total": 5.986917292463919,
      "Regulator_R": 0.05111140815411797,
      "cost": 27.420117616653442,
      "stdout_trunc": "=== OUROBOROS EXPERIMENT: ELLIPTIC BRIDGE (37a1) ===\n[cfg] dps=80  terms=10000  height_iters=10\n\n[GEOM] Computing Omega^+ ...\n[GEOM] Computing regulator R = hhat(P) ...\nOmega^+        = 2.993458646231959629832009979452508177797542220267516489517568328128142890163496\nOmega_total    = 5.9869172924639192596640199589050163555950844405350329790351366562562857803269921\nRegulator R    = 0.051111408154117972391095037210106966085731983184814453125\nQ_geo (target) = 0.30599977332007025654746942778090703418056943114584393942918983519678417309127664\n\n[AN] Generating a_n (Hecke) ...\n[AN] Summing smoothed series for L'(1) ...\nL'(1)          = 0.30599977383405230182048368332167647445263777459077199853454183248101605046929017\n\n=== BRIDGE CHECK ===\nabs_err = 0.00000000051398204527301425554076944027206834344492805910535199728423187737801353006821127\nrel_err = 0.0000000016796811307941665861612812052723704625088443605216388221798717451523858286336977\nveredict = MISSION FAILED [ERR]  (tol=1e-18)\n\n\n",
      "returncode": 0
    },
    {
      "config": {
        "dps": 120,
        "terms": 10000,
        "extra_args": [
          "--tol",
          "1e-18"
        ]
      },
      "time_s": 12.75416898727417,
      "rel_err": 1.6796811307941666e-09,
      "abs_err": 5.139820452730143e-10,
      "status": "WARN",
      "meaning": "Subcalibrado: suele requerir más dps/terms o suma más estable.",
      "Q_geo": 0.3059997733200703,
      "Lprime1": 0.3059997738340523,
      "Omega_total": 5.986917292463919,
      "Regulator_R": 0.05111140815411797,
      "cost": 47.82813370227814,
      "stdout_trunc": "=== OUROBOROS EXPERIMENT: ELLIPTIC BRIDGE (37a1) ===\n[cfg] dps=120  terms=10000  height_iters=10\n\n[GEOM] Computing Omega^+ ...\n[GEOM] Computing regulator R = hhat(P) ...\nOmega^+        = 2.99345864623195962983200997945250817779758379137013298534052301488213268512274681662683622033670241207897363643641380664\nOmega_total    = 5.98691729246391925966401995890501635559516758274026597068104602976426537024549363325367244067340482415794727287282761329\nRegulator R    = 0.051111408154117972391095037210106966085731983184814453125\nQ_geo (target) = 0.305999773320070256547469427780907034180573680661030436308355133680984731125986997189034448094453851501769659890031798184\n\n[AN] Generating a_n (Hecke) ...\n[AN] Summing smoothed series for L'(1) ...\nL'(1)          = 0.305999773834052301820483683321676474452637774590771998534541832481016050469290169911495257337795897237898682879524967998\n\n=== BRIDGE CHECK ===\nabs_err = 0.000000000513982045273014255540769440272064093929741562226186698800031319343303172722460809243342045736129022989493169813634677344\nrel_err = 0.00000000167968113079416658616128120527235657519400249691929265382870439926162477768168465759361931171169157764082628952786191617\nveredict = MISSION FAILED [ERR]  (tol=1e-18)\n\n\n",
      "returncode": 0
    },
    {
      "config": {
        "dps": 120,
        "terms": 20000,
        "extra_args": [
          "--tol",
          "1e-18"
        ]
      },
      "time_s": 30.36538600921631,
      "rel_err": 1.6796811307941666e-09,
      "abs_err": 5.139820452730143e-10,
      "status": "WARN",
      "meaning": "Subcalibrado: suele requerir más dps/terms o suma más estable.",
      "Q_geo": 0.3059997733200703,
      "Lprime1": 0.3059997738340523,
      "Omega_total": 5.986917292463919,
      "Regulator_R": 0.05111140815411797,
      "cost": 151.82693004608154,
      "stdout_trunc": "=== OUROBOROS EXPERIMENT: ELLIPTIC BRIDGE (37a1) ===\n[cfg] dps=120  terms=20000  height_iters=10\n\n[GEOM] Computing Omega^+ ...\n[GEOM] Computing regulator R = hhat(P) ...\nOmega^+        = 2.99345864623195962983200997945250817779758379137013298534052301488213268512274681662683622033670241207897363643641380664\nOmega_total    = 5.98691729246391925966401995890501635559516758274026597068104602976426537024549363325367244067340482415794727287282761329\nRegulator R    = 0.051111408154117972391095037210106966085731983184814453125\nQ_geo (target) = 0.305999773320070256547469427780907034180573680661030436308355133680984731125986997189034448094453851501769659890031798184\n\n[AN] Generating a_n (Hecke) ...\n[AN] Summing smoothed series for L'(1) ...\nL'(1)          = 0.305999773834052301820483683321676474452637774590771998534541832481016050469290169911495257337795897237898682879524967998\n\n=== BRIDGE CHECK ===\nabs_err = 0.000000000513982045273014255540769440272064093929741562226186698800031319343303172722460809243342045736129022989493169813634677344\nrel_err = 0.00000000167968113079416658616128120527235657519400249691929265382870439926162477768168465759361931171169157764082628952786191617\nveredict = MISSION FAILED [ERR]  (tol=1e-18)\n\n\n",
      "returncode": 0
    },
    {
      "config": {
        "dps": 200,
        "terms": 20000,
        "extra_args": [
          "--tol",
          "1e-18"
        ]
      },
      "time_s": 34.93791055679321,
      "rel_err": 1.6796811307941666e-09,
      "abs_err": 5.139820452730143e-10,
      "status": "WARN",
      "meaning": "Subcalibrado: suele requerir más dps/terms o suma más estable.",
      "Q_geo": null,
      "Lprime1": 0.3059997738340523,
      "Omega_total": null,
      "Regulator_R": 0.05111140815411797,
      "cost": 244.5653738975525,