{
  "policy": {
    "PASS": 1e-12,
    "WARN": 1e-09
  },
  "grid": {
    "dps": [
      60,
      80,
      120
    ],
    "terms": [
      2000,
      5000,
      12000
    ]
  },
  "results": [
    {
      "cmd": [
        "C:\\Users\\USUARIO\\AppData\\Local\\Programs\\Python\\Python313\\python.exe",
        "OUROBOROS_BSD_37A1_EXPERIMENT.py",
        "--dps",
        "60",
        "--terms",
        "2000",
        "--tol",
        "1e-18"
      ],
      "time_s": 0.989267110824585,
      "Q_geo": null,
      "Lprime1": 0.3059997738340523,
      "rel_err": 1.6796811307941666e-09,
      "status": "FAIL",
      "stdout": "=== OUROBOROS EXPERIMENT: ELLIPTIC BRIDGE (37a1) ===\n[cfg] dps=60  terms=2000  height_iters=10\n\n[GEOM] Computing Omega^+ ...\n[GEOM] Computing regulator R = hhat(P) ...\nOmega^+        = (2.99345864623195962983200997945248402182944156643432446456819 - 2.24588233588991700443099531952035146713057506707601062813831e-31j)\nOmega_total    = (5.98691729246391925966401995890496804365888313286864892913637 - 4.49176467177983400886199063904070293426115013415202125627663e-31j)\nRegulator R    = 0.051111408154117972391095037210106966085731983184814453125\nQ_geo (target) = (0.305999773320070256547469427780904564889479530401924222890344 - 2.29580417471586845871881338635408206560229178504736134359144e-32j)\n\n[AN] Generating a_n (Hecke) ...\n[AN] Summing smoothed series for L'(1) ...\nL'(1)          = 0.305999773834052301820483683321676474452637774590771998534542\n\n=== BRIDGE CHECK ===\nabs_err = 0.000000000513982045273014255540771909563158244188847776156931246740047\nrel_err = 0.00000000167968113079416658616128927485708700258130842399607231279127\nveredict = MISSION FAILED [ERR]  (tol=1e-18)\n\n\n",
      "dps": 60,
      "terms": 2000
    },
    {
      "cmd": [
        "C:\\Users\\USUARIO\\AppData\\Local\\Programs\\Python\\Python313\\python.exe",
        "OUROBOROS_BSD_37A1_EXPERIMENT.py",
        "--dps",
        "60",
        "--terms",
        "5000",
        "--tol",
        "1e-18"
      ],
      "time_s": 2.781383752822876,
      "Q_geo": null,
      "Lprime1": 0.3059997738340523,
      "rel_err": 1.6796811307941666e-09,
      "status": "FAIL",
      "stdout": "=== OUROBOROS EXPERIMENT: ELLIPTIC BRIDGE (37a1) ===\n[cfg] dps=60  terms=5000  height_iters=10\n\n[GEOM] Computing Omega^+ ...\n[GEOM] Computing regulator R = hhat(P) ...\nOmega^+        = (2.99345864623195962983200997945248402182944156643432446456819 - 2.24588233588991700443099531952035146713057506707601062813831e-31j)\nOmega_total    = (5.98691729246391925966401995890496804365888313286864892913637 - 4.49176467177983400886199063904070293426115013415202125627663e-31j)\nRegulator R    = 0.051111408154117972391095037210106966085731983184814453125\nQ_geo (target) = (0.305999773320070256547469427780904564889479530401924222890344 - 2.29580417471586845871881338635408206560229178504736134359144e-32j)\n\n[AN] Generating a_n (Hecke) ...\n[AN] Summing smoothed series for L'(1) ...\nL'(1)          = 0.305999773834052301820483683321676474452637774590771998534542\n\n=== BRIDGE CHECK ===\nabs_err = 0.000000000513982045273014255540771909563158244188847776156931246740047\nrel_err = 0.00000000167968113079416658616128927485708700258130842399607231279127\nveredict = MISSION FAILED [ERR]  (tol=1e-18)\n\n\n",
      "dps": 60,
      "terms": 5000
    },
    {
      "cmd": [
        "C:\\Users\\USUARIO\\AppData\\Local\\Programs\\Python\\Python313\\python.exe",
        "OUROBOROS_BSD_37A1_EXPERIMENT.py",
        "--dps",
        "60",
        "--terms",
        "12000",
        "--tol",
        "1e-18"
      ],
      "time_s": 11.50794243812561,
      "Q_geo": null,
      "Lprime1": 0.3059997738340523,
      "rel_err": 1.6796811307941666e-09,
      "status": "FAIL",
      "stdout": "=== OUROBOROS EXPERIMENT: ELLIPTIC BRIDGE (37a1) ===\n[cfg] dps=60  terms=12000  height_iters=10\n\n[GEOM] Computing Omega^+ ...\n[GEOM] Computing regulator R = hhat(P) ...\nOmega^+        = (2.99345864623195962983200997945248402182944156643432446456819 - 2.24588233588991700443099531952035146713057506707601062813831e-31j)\nOmega_total    = (5.98691729246391925966401995890496804365888313286864892913637 - 4.49176467177983400886199063904070293426115013415202125627663e-31j)\nRegulator R    = 0.051111408154117972391095037210106966085731983184814453125\nQ_geo (target) = (0.305999773320070256547469427780904564889479530401924222890344 - 2.29580417471586845871881338635408206560229178504736134359144e-32j)\n\n[AN] Generating a_n (Hecke) ...\n[AN] Summing smoothed series for L'(1) ...\nL'(1)          = 0.305999773834052301820483683321676474452637774590771998534542\n\n=== BRIDGE CHECK ===\nabs_err = 0.000000000513982045273014255540771909563158244188847776156931246740047\nrel_err = 0.00000000167968113079416658616128927485708700258130842399607231279127\nveredict = MISSION FAILED [ERR]  (tol=1e-18)\n\n\n",
      "dps": 60,
      "terms": 12000
    },
    {
      "cmd": [
        "C:\\Users\\USUARIO\\AppData\\Local\\Programs\\Python\\Python313\\python.exe",
        "OUROBOROS_BSD_37A1_EXPERIMENT.py",
        "--dps",
        "80",
        "--terms",
        "2000",
        "--tol",
        "1e-18"
      ],
      "time_s": 1.2919175624847412,
      "Q_geo": 0.3059997733200703,
      "Lprime1": 0.3059997738340523,
      "rel_err": 1.6796811307941666e-09,
      "status": "FAIL",
      "stdout": "=== OUROBOROS EXPERIMENT: ELLIPTIC BRIDGE (37a1) ===\n[cfg] dps=80  terms=2000  height_iters=10\n\n[GEOM] Computing Omega^+ ...\n[GEOM] Computing regulator R = hhat(P) ...\nOmega^+        = 2.993458646231959629832009979452508177797542220267516489517568328128142890163496\nOmega_total    = 5.9869172924639192596640199589050163555950844405350329790351366562562857803269921\nRegulator R    = 0.051111408154117972391095037210106966085731983184814453125\nQ_geo (target) = 0.30599977332007025654746942778090703418056943114584393942918983519678417309127664\n\n[AN] Generating a_n (Hecke) ...\n[AN] Summing smoothed series for L'(1) ...\nL'(1)          = 0.30599977383405230182048368332167647445263777459077199853454183248101605046929017\n\n=== BRIDGE CHECK ===\nabs_err = 0.00000000051398204527301425554076944027206834344492805910535199728423187737801353006821127\nrel_err = 0.0000000016796811307941665861612812052723704625088443605216388221798717451523858286336977\nveredict = MISSION FAILED [ERR]  (tol=1e-18)\n\n\n",
      "dps": 80,
      "terms": 2000
    },
    {
      "cmd": [
        "C:\\Users\\USUARIO\\AppData\\Local\\Programs\\Python\\Python313\\python.exe",
        "OUROBOROS_BSD_37A1_EXPERIMENT.py",
        "--dps",
        "80",
        "--terms",
        "5000",
        "--tol",
        "1e-18"
      ],
      "time_s": 3.6608996391296387,
      "Q_geo": 0.3059997733200703,
      "Lprime1": 0.3059997738340523,
      "rel_err": 1.6796811307941666e-09,
      "status": "FAIL",
      "stdout": "=== OUROBOROS EXPERIMENT: ELLIPTIC BRIDGE (37a1) ===\n[cfg] dps=80  terms=5000  height_iters=10\n\n[GEOM] Computing Omega^+ ...\n[GEOM] Computing regulator R = hhat(P) ...\nOmega^+        = 2.993458646231959629832009979452508177797542220267516489517568328128142890163496\nOmega_total    = 5.9869172924639192596640199589050163555950844405350329790351366562562857803269921\nRegulator R    = 0.051111408154117972391095037210106966085731983184814453125\nQ_geo (target) = 0.30599977332007025654746942778090703418056943114584393942918983519678417309127664\n\n[AN] Generating a_n (Hecke) ...\n[AN] Summing smoothed series for L'(1) ...\nL'(1)          = 0.30599977383405230182048368332167647445263777459077199853454183248101605046929017\n\n=== BRIDGE CHECK ===\nabs_err = 0.00000000051398204527301425554076944027206834344492805910535199728423187737801353006821127\nrel_err = 0.0000000016796811307941665861612812052723704625088443605216388221798717451523858286336977\nveredict = MISSION FAILED [ERR]  (tol=1e-18)\n\n\n",
      "dps": 80,